domain,shots,method,tolerance_pp,rule,feasible_runs,total_runs,all_runs_feasible,target_mean_all_runs
entertainment,80,adapter,0.5,loss_only,3,3,True,60.567751576867614
entertainment,80,adapter,0.5,absolute_band,3,3,True,60.567751576867614
entertainment,80,adapter,1.0,loss_only,3,3,True,60.567751576867614
entertainment,80,adapter,1.0,absolute_band,3,3,True,60.567751576867614
entertainment,80,adapter,2.0,loss_only,3,3,True,60.567751576867614
entertainment,80,adapter,2.0,absolute_band,3,3,True,60.567751576867614
entertainment,80,adapter,5.0,loss_only,3,3,True,60.567751576867614
entertainment,80,adapter,5.0,absolute_band,3,3,True,60.567751576867614
entertainment,80,daewc,0.5,loss_only,3,3,True,56.9486753431961
entertainment,80,daewc,0.5,absolute_band,3,3,True,56.9486753431961
entertainment,80,daewc,1.0,loss_only,3,3,True,56.9486753431961
entertainment,80,daewc,1.0,absolute_band,3,3,True,56.9486753431961
entertainment,80,daewc,2.0,loss_only,3,3,True,56.9486753431961
entertainment,80,daewc,2.0,absolute_band,3,3,True,56.9486753431961
entertainment,80,daewc,5.0,loss_only,3,3,True,56.9486753431961
entertainment,80,daewc,5.0,absolute_band,3,3,True,56.9486753431961
entertainment,80,full,0.5,loss_only,0,3,False,59.12207959281711
entertainment,80,full,0.5,absolute_band,0,3,False,59.12207959281711
entertainment,80,full,1.0,loss_only,0,3,False,59.12207959281711
entertainment,80,full,1.0,absolute_band,0,3,False,59.12207959281711
entertainment,80,full,2.0,loss_only,0,3,False,59.12207959281711
entertainment,80,full,2.0,absolute_band,0,3,False,59.12207959281711
entertainment,80,full,5.0,loss_only,0,3,False,59.12207959281711
entertainment,80,full,5.0,absolute_band,0,3,False,59.12207959281711
entertainment,80,full_ewc,0.5,loss_only,0,3,False,59.05674156775539
entertainment,80,full_ewc,0.5,absolute_band,0,3,False,59.05674156775539
entertainment,80,full_ewc,1.0,loss_only,0,3,False,59.05674156775539
entertainment,80,full_ewc,1.0,absolute_band,0,3,False,59.05674156775539
entertainment,80,full_ewc,2.0,loss_only,0,3,False,59.05674156775539
entertainment,80,full_ewc,2.0,absolute_band,0,3,False,59.05674156775539
entertainment,80,full_ewc,5.0,loss_only,0,3,False,59.05674156775539
entertainment,80,full_ewc,5.0,absolute_band,0,3,False,59.05674156775539
entertainment,80,head,0.5,loss_only,3,3,True,59.196496870131234
entertainment,80,head,0.5,absolute_band,3,3,True,59.196496870131234
entertainment,80,head,1.0,loss_only,3,3,True,59.196496870131234
entertainment,80,head,1.0,absolute_band,3,3,True,59.196496870131234
entertainment,80,head,2.0,loss_only,3,3,True,59.196496870131234
entertainment,80,head,2.0,absolute_band,3,3,True,59.196496870131234
entertainment,80,head,5.0,loss_only,3,3,True,59.196496870131234
entertainment,80,head,5.0,absolute_band,3,3,True,59.196496870131234
entertainment,80,lora,0.5,loss_only,3,3,True,55.87283081422655
entertainment,80,lora,0.5,absolute_band,3,3,True,55.87283081422655
entertainment,80,lora,1.0,loss_only,3,3,True,55.87283081422655
entertainment,80,lora,1.0,absolute_band,3,3,True,55.87283081422655
entertainment,80,lora,2.0,loss_only,3,3,True,55.87283081422655
entertainment,80,lora,2.0,absolute_band,3,3,True,55.87283081422655
entertainment,80,lora,5.0,loss_only,3,3,True,55.87283081422655
entertainment,80,lora,5.0,absolute_band,3,3,True,55.87283081422655
entertainment,80,lwf,0.5,loss_only,1,3,False,59.64834543866223
entertainment,80,lwf,0.5,absolute_band,1,3,False,59.64834543866223
entertainment,80,lwf,1.0,loss_only,1,3,False,59.64834543866223
entertainment,80,lwf,1.0,absolute_band,1,3,False,59.64834543866223
entertainment,80,lwf,2.0,loss_only,1,3,False,59.64834543866223
entertainment,80,lwf,2.0,absolute_band,1,3,False,59.64834543866223
entertainment,80,lwf,5.0,loss_only,2,3,False,59.64834543866223
entertainment,80,lwf,5.0,absolute_band,2,3,False,59.64834543866223
health,80,adapter,0.5,loss_only,3,3,True,60.94097726456159
health,80,adapter,0.5,absolute_band,3,3,True,60.94097726456159
health,80,adapter,1.0,loss_only,3,3,True,60.94097726456159
health,80,adapter,1.0,absolute_band,3,3,True,60.94097726456159
health,80,adapter,2.0,loss_only,3,3,True,60.94097726456159
health,80,adapter,2.0,absolute_band,3,3,True,60.94097726456159
health,80,adapter,5.0,loss_only,3,3,True,60.94097726456159
health,80,adapter,5.0,absolute_band,3,3,True,60.94097726456159
health,80,daewc,0.5,loss_only,2,3,False,63.932217988131754
health,80,daewc,0.5,absolute_band,2,3,False,63.932217988131754
health,80,daewc,1.0,loss_only,3,3,True,63.932217988131754
health,80,daewc,1.0,absolute_band,3,3,True,63.932217988131754
health,80,daewc,2.0,loss_only,3,3,True,63.932217988131754
health,80,daewc,2.0,absolute_band,3,3,True,63.932217988131754
health,80,daewc,5.0,loss_only,3,3,True,63.932217988131754
health,80,daewc,5.0,absolute_band,3,3,True,63.932217988131754
health,80,full,0.5,loss_only,1,3,False,68.99959262478099
health,80,full,0.5,absolute_band,1,3,False,68.99959262478099
health,80,full,1.0,loss_only,2,3,False,68.99959262478099
health,80,full,1.0,absolute_band,2,3,False,68.99959262478099
health,80,full,2.0,loss_only,3,3,True,68.99959262478099
health,80,full,2.0,absolute_band,3,3,True,68.99959262478099
health,80,full,5.0,loss_only,3,3,True,68.99959262478099
health,80,full,5.0,absolute_band,3,3,True,68.99959262478099
health,80,full_ewc,0.5,loss_only,1,3,False,69.3388299185765
health,80,full_ewc,0.5,absolute_band,1,3,False,69.3388299185765
health,80,full_ewc,1.0,loss_only,2,3,False,69.3388299185765
health,80,full_ewc,1.0,absolute_band,2,3,False,69.3388299185765
health,80,full_ewc,2.0,loss_only,3,3,True,69.3388299185765
health,80,full_ewc,2.0,absolute_band,3,3,True,69.3388299185765
health,80,full_ewc,5.0,loss_only,3,3,True,69.3388299185765
health,80,full_ewc,5.0,absolute_band,3,3,True,69.3388299185765
health,80,head,0.5,loss_only,3,3,True,68.24996756252229
health,80,head,0.5,absolute_band,3,3,True,68.24996756252229
health,80,head,1.0,loss_only,3,3,True,68.24996756252229
health,80,head,1.0,absolute_band,3,3,True,68.24996756252229
health,80,head,2.0,loss_only,3,3,True,68.24996756252229
health,80,head,2.0,absolute_band,3,3,True,68.24996756252229
health,80,head,5.0,loss_only,3,3,True,68.24996756252229
health,80,head,5.0,absolute_band,3,3,True,68.24996756252229
health,80,lora,0.5,loss_only,3,3,True,67.25410422361595
health,80,lora,0.5,absolute_band,3,3,True,67.25410422361595
health,80,lora,1.0,loss_only,3,3,True,67.25410422361595
health,80,lora,1.0,absolute_band,3,3,True,67.25410422361595
health,80,lora,2.0,loss_only,3,3,True,67.25410422361595
health,80,lora,2.0,absolute_band,3,3,True,67.25410422361595
health,80,lora,5.0,loss_only,3,3,True,67.25410422361595
health,80,lora,5.0,absolute_band,3,3,True,67.25410422361595
health,80,lwf,0.5,loss_only,0,3,False,67.82000088153994
health,80,lwf,0.5,absolute_band,0,3,False,67.82000088153994
health,80,lwf,1.0,loss_only,2,3,False,67.82000088153994
health,80,lwf,1.0,absolute_band,2,3,False,67.82000088153994
health,80,lwf,2.0,loss_only,3,3,True,67.82000088153994
health,80,lwf,2.0,absolute_band,3,3,True,67.82000088153994
health,80,lwf,5.0,loss_only,3,3,True,67.82000088153994
health,80,lwf,5.0,absolute_band,3,3,True,67.82000088153994
public_affairs,80,adapter,0.5,loss_only,3,3,True,82.74823831158169
public_affairs,80,adapter,0.5,absolute_band,3,3,True,82.74823831158169
public_affairs,80,adapter,1.0,loss_only,3,3,True,82.74823831158169
public_affairs,80,adapter,1.0,absolute_band,3,3,True,82.74823831158169
public_affairs,80,adapter,2.0,loss_only,3,3,True,82.74823831158169
public_affairs,80,adapter,2.0,absolute_band,3,3,True,82.74823831158169
public_affairs,80,adapter,5.0,loss_only,3,3,True,82.74823831158169
public_affairs,80,adapter,5.0,absolute_band,3,3,True,82.74823831158169
public_affairs,80,daewc,0.5,loss_only,2,3,False,82.31952883869961
public_affairs,80,daewc,0.5,absolute_band,2,3,False,82.31952883869961
public_affairs,80,daewc,1.0,loss_only,3,3,True,82.31952883869961
public_affairs,80,daewc,1.0,absolute_band,3,3,True,82.31952883869961
public_affairs,80,daewc,2.0,loss_only,3,3,True,82.31952883869961
public_affairs,80,daewc,2.0,absolute_band,3,3,True,82.31952883869961
public_affairs,80,daewc,5.0,loss_only,3,3,True,82.31952883869961
public_affairs,80,daewc,5.0,absolute_band,3,3,True,82.31952883869961
public_affairs,80,full,0.5,loss_only,0,3,False,78.69404094931184
public_affairs,80,full,0.5,absolute_band,0,3,False,78.69404094931184
public_affairs,80,full,1.0,loss_only,0,3,False,78.69404094931184
public_affairs,80,full,1.0,absolute_band,0,3,False,78.69404094931184
public_affairs,80,full,2.0,loss_only,0,3,False,78.69404094931184
public_affairs,80,full,2.0,absolute_band,0,3,False,78.69404094931184
public_affairs,80,full,5.0,loss_only,2,3,False,78.69404094931184
public_affairs,80,full,5.0,absolute_band,2,3,False,78.69404094931184
public_affairs,80,full_ewc,0.5,loss_only,0,3,False,78.69404094931184
public_affairs,80,full_ewc,0.5,absolute_band,0,3,False,78.69404094931184
public_affairs,80,full_ewc,1.0,loss_only,0,3,False,78.69404094931184
public_affairs,80,full_ewc,1.0,absolute_band,0,3,False,78.69404094931184
public_affairs,80,full_ewc,2.0,loss_only,0,3,False,78.69404094931184
public_affairs,80,full_ewc,2.0,absolute_band,0,3,False,78.69404094931184
public_affairs,80,full_ewc,5.0,loss_only,2,3,False,78.69404094931184
public_affairs,80,full_ewc,5.0,absolute_band,2,3,False,78.69404094931184
public_affairs,80,head,0.5,loss_only,3,3,True,78.84025199361521
public_affairs,80,head,0.5,absolute_band,3,3,True,78.84025199361521
public_affairs,80,head,1.0,loss_only,3,3,True,78.84025199361521
public_affairs,80,head,1.0,absolute_band,3,3,True,78.84025199361521
public_affairs,80,head,2.0,loss_only,3,3,True,78.84025199361521
public_affairs,80,head,2.0,absolute_band,3,3,True,78.84025199361521
public_affairs,80,head,5.0,loss_only,3,3,True,78.84025199361521
public_affairs,80,head,5.0,absolute_band,3,3,True,78.84025199361521
public_affairs,80,lora,0.5,loss_only,3,3,True,78.61167455730815
public_affairs,80,lora,0.5,absolute_band,3,3,True,78.61167455730815
public_affairs,80,lora,1.0,loss_only,3,3,True,78.61167455730815
public_affairs,80,lora,1.0,absolute_band,3,3,True,78.61167455730815
public_affairs,80,lora,2.0,loss_only,3,3,True,78.61167455730815
public_affairs,80,lora,2.0,absolute_band,3,3,True,78.61167455730815
public_affairs,80,lora,5.0,loss_only,3,3,True,78.61167455730815
public_affairs,80,lora,5.0,absolute_band,3,3,True,78.61167455730815
public_affairs,80,lwf,0.5,loss_only,1,3,False,79.36036264395439
public_affairs,80,lwf,0.5,absolute_band,1,3,False,79.36036264395439
public_affairs,80,lwf,1.0,loss_only,1,3,False,79.36036264395439
public_affairs,80,lwf,1.0,absolute_band,1,3,False,79.36036264395439
public_affairs,80,lwf,2.0,loss_only,2,3,False,79.36036264395439
public_affairs,80,lwf,2.0,absolute_band,2,3,False,79.36036264395439
public_affairs,80,lwf,5.0,loss_only,3,3,True,79.36036264395439
public_affairs,80,lwf,5.0,absolute_band,3,3,True,79.36036264395439
