domain,shots,method,method_name,target_mean,target_sd,target_ci95_halfwidth,target_n,source_change_mean,source_change_sd,source_change_ci95_halfwidth,source_change_n,matched_mean,matched_sd,matched_ci95_halfwidth,matched_n,trainable_parameters,adapt_seconds_mean
entertainment,80,adapter,Adapter-only,60.567751576867614,4.843401147073374,12.031675442579775,3,0.0,0.0,0.0,3,60.92647428262513,0.5976803937096337,1.4847204055878858,3,305858,53.3319133056663
entertainment,80,daewc,DAEWC,56.9486753431961,5.194674862751776,12.904287726843156,3,-0.09009921926422255,0.1384740118862384,0.34398851502396827,3,60.11091734265443,4.07800307848963,10.13032123591003,3,582354,76.410475861333
entertainment,80,full,Full fine-tuning,59.12207959281711,1.5750646161777584,3.912677411490729,3,-10.807896534759136,3.4504404480568813,8.571369239166806,3,61.646074165700405,3.1198994232796826,7.7502598142371655,3,108893186,90.1352851386664
entertainment,80,full_ewc,Full fine-tuning + EWC,59.05674156775539,1.6096803299544167,3.9986676115024813,3,-10.720048469153182,3.598321958115936,8.938727275175088,3,61.57327157693543,3.1847098033634715,7.911257723516178,3,108893186,99.8557789029998
entertainment,80,head,Head-only,59.196496870131234,2.9487509107279917,7.3251033398975345,3,0.0,0.0,0.0,3,61.37059538391605,1.6359550295000622,4.063937583508729,3,1538,27.58887009700023
entertainment,80,lora,LoRA,55.87283081422655,3.4791185727145537,8.642609650131206,3,0.0,0.0,0.0,3,59.185058925366626,3.0066302725126075,7.468883645238741,3,296450,57.11134905533314
entertainment,80,lwf,LwF,59.64834543866223,2.1681716397569817,5.386036935867869,3,-3.9017867091416627,4.032811642587335,10.018059485736993,3,61.23437207285313,2.7740792516820285,6.891194884487462,3,108893186,184.42578263866653
health,80,adapter,Adapter-only,60.94097726456159,6.844612040493671,17.002958892090707,3,0.0,0.0,0.0,3,61.84722222222222,8.455231606259819,21.003959694693336,3,305858,48.93842806933329
health,80,daewc,DAEWC,63.932217988131754,1.97214253261159,4.8990736382072555,3,-0.19624660526211338,0.35545210481652484,0.8829919782957605,3,67.96256037907855,3.9638408040834263,9.846726424798392,3,582354,73.61514795866636
health,80,full,Full fine-tuning,68.99959262478099,3.2141266881773953,7.984333316444662,3,-0.9367247352494678,0.4710412605652199,1.1701313591604765,3,73.55657404907156,2.5148151210575325,6.247147080298988,3,108893186,83.7532522086658
health,80,full_ewc,Full fine-tuning + EWC,69.3388299185765,3.676491937883304,9.132912269841967,3,-0.9043150075336209,0.6440250958201783,1.5998470278405248,3,73.96434787245904,2.79969995337511,6.954840235764752,3,108893186,107.48699804166638
health,80,head,Head-only,68.24996756252229,4.363774391225539,10.8402165308137,3,0.0,0.0,0.0,3,73.08351842316496,3.7140324633731536,9.226168104930228,3,1538,24.482209110999975
health,80,lora,LoRA,67.25410422361595,0.8190373192311766,2.0346014920330595,3,0.0,0.0,0.0,3,70.57913400545657,1.895639540228599,4.709029669766919,3,296450,53.510599721999824
health,80,lwf,LwF,67.82000088153994,8.552844649990607,21.24644393778372,3,-0.8093354850871582,0.4011028195947591,0.9963946404447303,3,72.51391083287739,9.850506339463502,24.470014277696983,3,108893186,175.42407470833345
public_affairs,80,adapter,Adapter-only,82.74823831158169,0.274969271848667,0.683061537771802,3,0.0,0.0,0.0,3,86.60793397635503,2.850138034277026,7.0801353746415145,3,305858,49.42810298599943
public_affairs,80,daewc,DAEWC,82.31952883869961,1.265047696383842,3.1425526897499836,3,-0.2620294242266539,0.26977213705060715,0.6701511392268916,3,93.33333333333333,11.547005383792516,28.684351531663086,3,582354,73.4168561806661
public_affairs,80,full,Full fine-tuning,78.69404094931184,2.918477450620784,7.249899895980052,3,-5.378581974350982,1.431279585487086,3.5554955943668505,3,84.92012860433913,5.101141498252971,12.671937968784786,3,108893186,83.72777359766587
public_affairs,80,full_ewc,Full fine-tuning + EWC,78.69404094931184,2.918477450620784,7.249899895980052,3,-5.299491732012602,1.2997205084918417,3.228684729879899,3,84.92012860433913,5.101141498252971,12.671937968784786,3,108893186,93.86879161133281
public_affairs,80,head,Head-only,78.84025199361521,1.6969587059963225,4.215479116848505,3,0.0,0.0,0.0,3,86.64160401002506,2.9084562432860808,7.225005836922646,3,1538,24.552111277998847
public_affairs,80,lora,LoRA,78.61167455730815,1.0848544498629324,2.694927850664668,3,0.0,0.0,0.0,3,86.60793397635503,2.850138034277026,7.0801353746415145,3,296450,52.2997381110002
public_affairs,80,lwf,LwF,79.36036264395439,1.8812839184357757,4.673368328295743,3,-1.4928613200611143,1.6676814635218444,4.142750414721596,3,89.9496215285689,5.012723111127606,12.452294518914526,3,108893186,172.4097275276672
