run_id,initial_target_cross_entropy,final_target_cross_entropy,weighted_drift_squared,final_objective,objective_condition_holds,drift_bound_holds,source_gradient_bound_certified
entertainment_k160_s42_daewc,0.8574018359184266,0.587154820561409,0.000577995963303244,0.5874438185430606,True,True,False
health_k10_s42_daewc,0.6714410305023193,0.01456872820854187,0.003035083423900583,0.016086269920492162,True,True,False
entertainment_k20_s42_daewc,0.9057707518339158,0.2528222560882568,0.0016450146206790917,0.2536447633985964,True,True,False
public_affairs_k20_s42_daewc,0.8889272689819336,0.1750306099653244,0.001773505230407534,0.17591736258052817,True,True,False
health_k80_s42_daewc,0.6521726071834564,0.5250186681747436,0.0006239661367726159,0.5253306512431299,True,True,False
health_k160_s42_daewc,0.6742124259471893,0.5969713866710663,0.00034330618141024255,0.5971430397617714,True,True,False
health_k20_s42_daewc,0.5963786840438843,0.22828400135040283,0.0017520513851031969,0.22916002704295443,True,True,False
entertainment_k10_s42_daewc,0.9430808067321778,0.04400547742843628,0.0032541097568267495,0.04563253230684965,True,True,False
public_affairs_k80_s42_daewc,0.9067363202571869,0.33676459193229674,0.001476683560811974,0.33750293371270274,True,True,False
entertainment_k80_s42_daewc,0.8729009240865707,0.5360409080982208,0.0008265566630423233,0.536454186429742,True,True,False
public_affairs_k10_s42_daewc,1.0199931144714356,0.013318446278572083,0.002962772825315764,0.014799832691229965,True,True,False
public_affairs_k160_s42_daewc,0.8797955811023712,0.3826756447553635,0.0011586365665066517,0.3832549630386168,True,True,False
public_affairs_k80_s43_daewc,0.8775187849998474,0.30677707195281984,0.0019665206348771103,0.3077603322702584,True,True,False
health_k20_s43_daewc,0.7757695555686951,0.31926594078540804,0.001602480848208715,0.3200671812095124,True,True,False
entertainment_k10_s43_daewc,0.9360921859741211,0.05836133360862732,0.003098584803773614,0.059910626010514126,True,True,False
public_affairs_k10_s43_daewc,0.7590429306030273,0.013438837230205536,0.0025599325648870534,0.014718803512649063,True,True,False
public_affairs_k160_s43_daewc,0.878352227807045,0.37104741036891936,0.001642083032808576,0.37186845188532364,True,True,False
entertainment_k80_s43_daewc,0.891098615527153,0.551568454504013,0.0008440942019429867,0.5519905016049845,True,True,False
health_k10_s43_daewc,0.7956820487976074,0.07885521650314331,0.0030123686215997444,0.08036140081394318,True,True,False
entertainment_k20_s43_daewc,0.9262799024581909,0.42386720776557923,0.0012594937904433744,0.4244969546608009,True,True,False
entertainment_k160_s43_daewc,0.8824941605329514,0.5665721982717514,0.0006463292806349035,0.5668953629120689,True,True,False
health_k80_s43_daewc,0.6624854862689972,0.5215893566608429,0.0006845556088979502,0.5219316344652919,True,True,False
health_k160_s43_daewc,0.6738355338573456,0.6020919471979141,0.00032466472366032405,0.6022542795597443,True,True,False
public_affairs_k20_s43_daewc,0.851817661523819,0.11620058417320252,0.002458254530519432,0.11742971143846223,True,True,False
entertainment_k80_s44_daewc,0.9296286016702652,0.5015355050563812,0.0008635819768990022,0.5019672960448307,True,True,False
public_affairs_k160_s44_daewc,0.9091405510902405,0.3787095040082932,0.0012409784145573054,0.3793299932155718,True,True,False
public_affairs_k10_s44_daewc,0.8527607917785645,0.03509124517440796,0.00269550683270246,0.03643899859075919,True,True,False
entertainment_k10_s44_daewc,0.8445275306701661,0.03089618980884552,0.0030025648682557478,0.032397472242973395,True,True,False
health_k20_s44_daewc,0.6350302577018738,0.2784188210964203,0.001799547251794771,0.2793185947223177,True,True,False
public_affairs_k80_s44_daewc,0.8945154070854187,0.359598445892334,0.0012780428512904236,0.3602374673179792,True,True,False
public_affairs_k20_s44_daewc,0.9442578077316284,0.26865159869194033,0.0015805329938738833,0.26944186518887725,True,True,False
health_k160_s44_daewc,0.6739318937063217,0.6206929624080658,0.0002818016993508081,0.6208338632577413,True,True,False
health_k80_s44_daewc,0.6637725412845612,0.5804388582706451,0.0005409783726019407,0.5807093474569461,True,True,False
entertainment_k160_s44_daewc,0.9267495766282081,0.5827698856592178,0.0006027470240257682,0.5830712591712307,True,True,False
entertainment_k20_s44_daewc,0.8838955849409104,0.3259322136640549,0.0016175073847583005,0.32674096735643404,True,True,False
health_k10_s44_daewc,0.6285837650299072,0.03367980420589447,0.0025010082027415014,0.03493030830726522,True,True,False
