run_id,domain,shots,seed,method,target_f1,matched_f1,source_before_f1,source_after_f1,delta_source_pp,trainable_parameters,adapt_seconds,checkpoint
entertainment_k10_s42_adapter,entertainment,10,42,adapter,49.50133808518166,55.283200236616395,61.430731571206984,61.430731571206984,0.0,8738,1.6412097079996784,checkpoints/entertainment_k10_s42_adapter.pt
entertainment_k10_s42_daewc,entertainment,10,42,daewc,58.56895190939079,57.7273109880305,61.430731571206984,61.32431773879142,-0.10641383241556213,16434,1.8221644999998716,checkpoints/entertainment_k10_s42_daewc.pt
entertainment_k10_s42_full,entertainment,10,42,full,47.38026378916417,53.99496138438029,61.430731571206984,54.23352507821173,-7.197206492995257,4369666,2.723732082999959,checkpoints/entertainment_k10_s42_full.pt
entertainment_k10_s42_full_ewc,entertainment,10,42,full_ewc,47.24357674547257,53.59161986877683,61.430731571206984,56.670973554717285,-4.759758016489698,4369666,4.952263125000172,checkpoints/entertainment_k10_s42_full_ewc.pt
entertainment_k10_s42_head,entertainment,10,42,head,53.19476899553494,58.33253700644797,61.430731571206984,61.430731571206984,0.0,258,0.6853669580000314,checkpoints/entertainment_k10_s42_head.pt
entertainment_k10_s42_lora,entertainment,10,42,lora,48.028055460093064,53.02827380952381,61.430731571206984,61.430731571206984,0.0,8450,1.2034184590002042,checkpoints/entertainment_k10_s42_lora.pt
entertainment_k10_s42_lwf,entertainment,10,42,lwf,46.48309746328438,54.43318409582827,61.430731571206984,56.31495978480342,-5.115771786403563,4369666,4.050739166999847,checkpoints/entertainment_k10_s42_lwf.pt
entertainment_k10_s43_adapter,entertainment,10,43,adapter,46.82601415428709,49.456568074781146,62.63451606002262,62.63451606002262,0.0,8738,0.6875417909996031,checkpoints/entertainment_k10_s43_adapter.pt
entertainment_k10_s43_daewc,entertainment,10,43,daewc,50.32921056944271,49.54886981671854,62.63451606002262,62.9133939959843,0.2788779359616811,16434,1.0315417500005424,checkpoints/entertainment_k10_s43_daewc.pt
entertainment_k10_s43_full,entertainment,10,43,full,55.591863691071175,57.25055651632579,62.63451606002262,55.123385160879664,-7.511130899142955,4369666,1.5655997080002635,checkpoints/entertainment_k10_s43_full.pt
entertainment_k10_s43_full_ewc,entertainment,10,43,full_ewc,55.33432513101255,57.03144755874291,62.63451606002262,55.338474591679045,-7.296041468343574,4369666,2.3423099589999765,checkpoints/entertainment_k10_s43_full_ewc.pt
entertainment_k10_s43_head,entertainment,10,43,head,54.566781286761376,57.768575018452474,62.63451606002262,62.63451606002262,0.0,258,0.4458171249998486,checkpoints/entertainment_k10_s43_head.pt
entertainment_k10_s43_lora,entertainment,10,43,lora,48.50082516685896,49.01084882724638,62.63451606002262,62.63451606002262,0.0,8450,0.6979441250005038,checkpoints/entertainment_k10_s43_lora.pt
entertainment_k10_s43_lwf,entertainment,10,43,lwf,55.468499473795795,57.6188627656163,62.63451606002262,62.22342923393186,-0.4110868260907594,4369666,2.6868637079996915,checkpoints/entertainment_k10_s43_lwf.pt
entertainment_k10_s44_adapter,entertainment,10,44,adapter,45.02814542586922,54.33290719100179,60.08000194533606,60.08000194533606,0.0,8738,0.4414897500000734,checkpoints/entertainment_k10_s44_adapter.pt
entertainment_k10_s44_daewc,entertainment,10,44,daewc,55.00721996902765,57.951002227171486,60.08000194533606,59.755680982430384,-0.3243209629056736,16434,0.6771290420001606,checkpoints/entertainment_k10_s44_daewc.pt
entertainment_k10_s44_full,entertainment,10,44,full,53.71738277321364,55.251356448373116,60.08000194533606,46.96364037231952,-13.11636157301654,4369666,1.1872763750006925,checkpoints/entertainment_k10_s44_full.pt
entertainment_k10_s44_full_ewc,entertainment,10,44,full_ewc,53.410985034580996,54.94033412887828,60.08000194533606,47.64244520087592,-12.437556744460139,4369666,1.834738374999688,checkpoints/entertainment_k10_s44_full_ewc.pt
entertainment_k10_s44_head,entertainment,10,44,head,54.16743882017191,59.15908216895269,60.08000194533606,60.08000194533606,0.0,258,0.28005020800083,checkpoints/entertainment_k10_s44_head.pt
entertainment_k10_s44_lora,entertainment,10,44,lora,54.940720631340476,57.92439156337505,60.08000194533606,60.08000194533606,0.0,8450,0.5108462500002133,checkpoints/entertainment_k10_s44_lora.pt
entertainment_k10_s44_lwf,entertainment,10,44,lwf,54.90000808973468,56.444483744109306,60.08000194533606,59.527292137058296,-0.5527098082777613,4369666,1.815478166999128,checkpoints/entertainment_k10_s44_lwf.pt
entertainment_k80_s42_adapter,entertainment,80,42,adapter,59.89609962212702,57.47723623820682,61.430731571206984,61.430731571206984,0.0,8738,0.9879480839999815,checkpoints/entertainment_k80_s42_adapter.pt
entertainment_k80_s42_daewc,entertainment,80,42,daewc,55.78919418436812,57.9104836327657,61.430731571206984,61.694325270044125,0.26359369883714123,16434,1.3381607500000428,checkpoints/entertainment_k80_s42_daewc.pt
entertainment_k80_s42_full,entertainment,80,42,full,52.92980733832372,58.63131096427243,61.430731571206984,53.99227495339546,-7.438456617811525,4369666,3.224712875000023,checkpoints/entertainment_k80_s42_full.pt
entertainment_k80_s42_full_ewc,entertainment,80,42,full_ewc,53.99409600519497,57.98323750679367,61.430731571206984,49.08036143934128,-12.350370131865702,4369666,2.667138208000324,checkpoints/entertainment_k80_s42_full_ewc.pt
entertainment_k80_s42_head,entertainment,80,42,head,48.53677483548486,55.813612797415935,61.430731571206984,61.430731571206984,0.0,258,0.9110575419999805,checkpoints/entertainment_k80_s42_head.pt
entertainment_k80_s42_lora,entertainment,80,42,lora,54.27050322917084,57.9231725106705,61.430731571206984,61.430731571206984,0.0,8450,1.1399023339999985,checkpoints/entertainment_k80_s42_lora.pt
entertainment_k80_s42_lwf,entertainment,80,42,lwf,54.13759300467596,59.15831722805868,61.430731571206984,60.77463088868327,-0.6561006825237143,4369666,3.5672387919998982,checkpoints/entertainment_k80_s42_lwf.pt
entertainment_k80_s43_adapter,entertainment,80,43,adapter,57.391733437659006,57.170900433483816,62.63451606002262,62.63451606002262,0.0,8738,0.9933043749997523,checkpoints/entertainment_k80_s43_adapter.pt
entertainment_k80_s43_daewc,entertainment,80,43,daewc,57.054491449843944,53.952105499639536,62.63451606002262,62.65034113060428,0.015825070581662715,16434,1.5887429160002284,checkpoints/entertainment_k80_s43_daewc.pt
entertainment_k80_s43_full,entertainment,80,43,full,57.50339616658443,58.39988488380459,62.63451606002262,48.542375840097755,-14.092140219924865,4369666,1.9943041669994273,checkpoints/entertainment_k80_s43_full.pt
entertainment_k80_s43_full_ewc,entertainment,80,43,full_ewc,59.572851749835024,58.686440677966104,62.63451606002262,52.89491722028894,-9.73959883973368,4369666,2.725031458000558,checkpoints/entertainment_k80_s43_full_ewc.pt
entertainment_k80_s43_head,entertainment,80,43,head,59.021143552396616,59.63978521772795,62.63451606002262,62.63451606002262,0.0,258,0.6245858329994007,checkpoints/entertainment_k80_s43_head.pt
entertainment_k80_s43_lora,entertainment,80,43,lora,59.254070160368165,57.818910538502166,62.63451606002262,62.63451606002262,0.0,8450,1.2114264169995295,checkpoints/entertainment_k80_s43_lora.pt
entertainment_k80_s43_lwf,entertainment,80,43,lwf,58.328075159924,58.038793103448285,62.63451606002262,61.27609108159393,-1.3584249784286868,4369666,3.785481707999679,checkpoints/entertainment_k80_s43_lwf.pt
entertainment_k80_s44_adapter,entertainment,80,44,adapter,59.696195258032446,59.741245022647796,60.08000194533606,60.08000194533606,0.0,8738,0.5929678749998857,checkpoints/entertainment_k80_s44_adapter.pt
entertainment_k80_s44_daewc,entertainment,80,44,daewc,60.66657992653363,61.541388192117985,60.08000194533606,59.86530513007538,-0.2146968152606803,16434,0.943020417000298,checkpoints/entertainment_k80_s44_daewc.pt
entertainment_k80_s44_full,entertainment,80,44,full,61.884616648268995,61.12179066356491,60.08000194533606,48.048701268071255,-12.031300677264802,4369666,1.4400944170001821,checkpoints/entertainment_k80_s44_full.pt
entertainment_k80_s44_full_ewc,entertainment,80,44,full_ewc,57.08420095016679,57.16548009601466,60.08000194533606,53.98977050380841,-6.090231441527649,4369666,1.8636875419997523,checkpoints/entertainment_k80_s44_full_ewc.pt
entertainment_k80_s44_head,entertainment,80,44,head,59.686774450039756,59.83867038896691,60.08000194533606,60.08000194533606,0.0,258,0.40478279200033285,checkpoints/entertainment_k80_s44_head.pt
entertainment_k80_s44_lora,entertainment,80,44,lora,58.16021474112687,58.72897061815059,60.08000194533606,60.08000194533606,0.0,8450,0.7217202089996135,checkpoints/entertainment_k80_s44_lora.pt
entertainment_k80_s44_lwf,entertainment,80,44,lwf,59.069775290232805,58.588108254032534,60.08000194533606,59.145337852315,-0.9346640930210555,4369666,3.205734749999465,checkpoints/entertainment_k80_s44_lwf.pt
health_k10_s42_adapter,health,10,42,adapter,61.330795189062904,66.95029108822213,61.430731571206984,61.430731571206984,0.0,8738,0.7021629579999171,checkpoints/health_k10_s42_adapter.pt
health_k10_s42_daewc,health,10,42,daewc,61.330795189062904,66.95029108822213,61.430731571206984,61.545321637426895,0.11459006621991108,16434,1.0562951659999271,checkpoints/health_k10_s42_daewc.pt
health_k10_s42_full,health,10,42,full,62.15277777777778,68.122009569378,61.430731571206984,60.1488513616309,-1.2818802095760802,4369666,1.5768824169999789,checkpoints/health_k10_s42_full.pt
health_k10_s42_full_ewc,health,10,42,full_ewc,62.15277777777778,68.122009569378,61.430731571206984,60.27350593731751,-1.1572256338894746,4369666,2.4158942080002817,checkpoints/health_k10_s42_full_ewc.pt
health_k10_s42_head,health,10,42,head,65.43340380549682,70.45045045045045,61.430731571206984,61.430731571206984,0.0,258,0.45607241599964254,checkpoints/health_k10_s42_head.pt
health_k10_s42_lora,health,10,42,lora,62.181602775662185,66.95029108822213,61.430731571206984,61.430731571206984,0.0,8450,0.6962537499998689,checkpoints/health_k10_s42_lora.pt
health_k10_s42_lwf,health,10,42,lwf,63.7937062937063,70.45045045045045,61.430731571206984,61.67892659672156,0.24819502551457617,4369666,2.6946418330003326,checkpoints/health_k10_s42_lwf.pt
health_k10_s43_adapter,health,10,43,adapter,54.08424908424908,48.007246376811594,62.63451606002262,62.63451606002262,0.0,8738,0.6956322080000064,checkpoints/health_k10_s43_adapter.pt
health_k10_s43_daewc,health,10,43,daewc,56.22489959839358,52.08988764044944,62.63451606002262,62.00502689831555,-0.6294891617070704,16434,1.0379116670001167,checkpoints/health_k10_s43_daewc.pt
health_k10_s43_full,health,10,43,full,64.63456284153006,68.29268292682927,62.63451606002262,61.0319793092956,-1.602536750727019,4369666,1.5418061249997663,checkpoints/health_k10_s43_full.pt
health_k10_s43_full_ewc,health,10,43,full_ewc,64.63456284153006,68.29268292682927,62.63451606002262,61.043358702463294,-1.5911573575593252,4369666,2.332208124999852,checkpoints/health_k10_s43_full_ewc.pt
health_k10_s43_head,health,10,43,head,65.63857885319928,70.73170731707317,62.63451606002262,62.63451606002262,0.0,258,0.4127182500001254,checkpoints/health_k10_s43_head.pt
health_k10_s43_lora,health,10,43,lora,59.35593220338984,59.60591133004927,62.63451606002262,62.63451606002262,0.0,8450,0.6975250830000732,checkpoints/health_k10_s43_lora.pt
health_k10_s43_lwf,health,10,43,lwf,60.507246376811594,60.952380952380956,62.63451606002262,60.92568247325965,-1.708833586762971,4369666,2.6854952499998035,checkpoints/health_k10_s43_lwf.pt
health_k10_s44_adapter,health,10,44,adapter,55.37845135441164,61.734156254704196,60.08000194533606,60.08000194533606,0.0,8738,0.6967014580004616,checkpoints/health_k10_s44_adapter.pt
health_k10_s44_daewc,health,10,44,daewc,55.37845135441164,60.38647342995169,60.08000194533606,59.84617031213513,-0.23383163320092848,16434,1.0344799579997925,checkpoints/health_k10_s44_daewc.pt
health_k10_s44_full,health,10,44,full,64.63456284153006,73.1067382230173,60.08000194533606,56.492429374393524,-3.587572570942534,4369666,1.7235913330005133,checkpoints/health_k10_s44_full.pt
health_k10_s44_full_ewc,health,10,44,full_ewc,64.63456284153006,73.1067382230173,60.08000194533606,56.72588476326794,-3.3541171820681157,4369666,2.681096208000781,checkpoints/health_k10_s44_full_ewc.pt
health_k10_s44_head,health,10,44,head,61.754385964912274,68.21705426356588,60.08000194533606,60.08000194533606,0.0,258,0.4541431249999732,checkpoints/health_k10_s44_head.pt
health_k10_s44_lora,health,10,44,lora,63.225371120107965,71.91362620997765,60.08000194533606,60.08000194533606,0.0,8450,0.6980318329997317,checkpoints/health_k10_s44_lora.pt
health_k10_s44_lwf,health,10,44,lwf,63.62002567394095,71.84654426033737,60.08000194533606,60.57335258752799,0.4933506421919347,4369666,2.6943173749996276,checkpoints/health_k10_s44_lwf.pt
health_k80_s42_adapter,health,80,42,adapter,65.6993006993007,72.76570048309179,61.430731571206984,61.430731571206984,0.0,8738,0.9842609580000499,checkpoints/health_k80_s42_adapter.pt
health_k80_s42_daewc,health,80,42,daewc,66.52627884531017,72.76570048309179,61.430731571206984,61.45383917535816,0.023107604151178407,16434,1.376404999999977,checkpoints/health_k80_s42_daewc.pt
health_k80_s42_full,health,80,42,full,69.8438197233378,73.92094502498864,61.430731571206984,60.39970860408466,-1.0310229671223254,4369666,2.0029750839998997,checkpoints/health_k80_s42_full.pt
health_k80_s42_full_ewc,health,80,42,full_ewc,69.8438197233378,73.92094502498864,61.430731571206984,60.291284805323684,-1.1394467658832994,4369666,2.6749436250001963,checkpoints/health_k80_s42_full_ewc.pt
health_k80_s42_head,health,80,42,head,70.11057054400706,75.2415458937198,61.430731571206984,61.430731571206984,0.0,258,0.6678790830001162,checkpoints/health_k80_s42_head.pt
health_k80_s42_lora,health,80,42,lora,60.430561418319975,65.77221228384019,61.430731571206984,61.430731571206984,0.0,8450,1.1557763750001868,checkpoints/health_k80_s42_lora.pt
health_k80_s42_lwf,health,80,42,lwf,70.94882729211088,75.2415458937198,61.430731571206984,61.6673181218547,0.23658655064771494,4369666,3.570635583999774,checkpoints/health_k80_s42_lwf.pt
health_k80_s43_adapter,health,80,43,adapter,61.754385964912274,63.39285714285714,62.63451606002262,62.63451606002262,0.0,8738,0.9344967499996528,checkpoints/health_k80_s43_adapter.pt
health_k80_s43_daewc,health,80,43,daewc,65.9375,70.57416267942584,62.63451606002262,62.79737489745693,0.16285883743431384,16434,1.3580196670000078,checkpoints/health_k80_s43_daewc.pt
health_k80_s43_full,health,80,43,full,66.52627884531017,71.60921270510312,62.63451606002262,62.2932286956268,-0.34128736439581786,4369666,1.9991820000000189,checkpoints/health_k80_s43_full.pt
health_k80_s43_full_ewc,health,80,43,full_ewc,64.4646533973919,67.06827309236947,62.63451606002262,61.40894724045709,-1.225568819565531,4369666,2.6663093329998446,checkpoints/health_k80_s43_full_ewc.pt
health_k80_s43_head,health,80,43,head,65.43340380549682,70.28985507246377,62.63451606002262,62.63451606002262,0.0,258,0.6563257080001677,checkpoints/health_k80_s43_head.pt
health_k80_s43_lora,health,80,43,lora,62.59437199725464,67.02903946388682,62.63451606002262,62.63451606002262,0.0,8450,1.1399806669996906,checkpoints/health_k80_s43_lora.pt
health_k80_s43_lwf,health,80,43,lwf,65.43340380549682,63.327370304114496,62.63451606002262,61.22407862407863,-1.4104374359439902,4369666,3.301263083000322,checkpoints/health_k80_s43_lwf.pt
health_k80_s44_adapter,health,80,44,adapter,68.66997648288476,74.29467084639498,60.08000194533606,60.08000194533606,0.0,8738,0.5953741669991359,checkpoints/health_k80_s44_adapter.pt
health_k80_s44_daewc,health,80,44,daewc,67.6048951048951,73.02631578947368,60.08000194533606,60.08427266803474,0.004270722698684892,16434,0.9696970420000071,checkpoints/health_k80_s44_daewc.pt
health_k80_s44_full,health,80,44,full,67.6048951048951,73.02631578947368,60.08000194533606,58.39165275784994,-1.6883491874861178,4369666,1.9992876249998517,checkpoints/health_k80_s44_full.pt
health_k80_s44_full_ewc,health,80,44,full_ewc,67.6048951048951,73.02631578947368,60.08000194533606,58.39165275784994,-1.6883491874861178,4369666,1.9455142079996222,checkpoints/health_k80_s44_full_ewc.pt
health_k80_s44_head,health,80,44,head,66.52627884531017,71.74531835205993,60.08000194533606,60.08000194533606,0.0,258,0.6655322919996252,checkpoints/health_k80_s44_head.pt
health_k80_s44_lora,health,80,44,lora,66.98970321017566,71.84654426033737,60.08000194533606,60.08000194533606,0.0,8450,0.7325881249998929,checkpoints/health_k80_s44_lora.pt
health_k80_s44_lwf,health,80,44,lwf,67.6048951048951,73.02631578947368,60.08000194533606,59.724346176820895,-0.3556557685151631,4369666,2.4533498749997307,checkpoints/health_k80_s44_lwf.pt
public_affairs_k10_s42_adapter,public_affairs,10,42,adapter,67.32555370326267,64.91228070175438,61.430731571206984,61.430731571206984,0.0,8738,0.695555124999828,checkpoints/public_affairs_k10_s42_adapter.pt
public_affairs_k10_s42_daewc,public_affairs,10,42,daewc,63.69896961001695,70.0,61.430731571206984,61.43881298842104,0.008081417214057751,16434,1.127108125000177,checkpoints/public_affairs_k10_s42_daewc.pt
public_affairs_k10_s42_full,public_affairs,10,42,full,65.12820512820512,70.0,61.430731571206984,54.840426575622004,-6.5903049955849795,4369666,1.7290848330003428,checkpoints/public_affairs_k10_s42_full.pt
public_affairs_k10_s42_full_ewc,public_affairs,10,42,full_ewc,65.12820512820512,70.0,61.430731571206984,55.68105417204998,-5.749677399157001,4369666,2.3314629169999534,checkpoints/public_affairs_k10_s42_full_ewc.pt
public_affairs_k10_s42_head,public_affairs,10,42,head,64.1025641025641,64.91228070175438,61.430731571206984,61.430731571206984,0.0,258,0.45371345800003837,checkpoints/public_affairs_k10_s42_head.pt
public_affairs_k10_s42_lora,public_affairs,10,42,lora,67.003367003367,64.91228070175438,61.430731571206984,61.430731571206984,0.0,8450,0.6951699999999619,checkpoints/public_affairs_k10_s42_lora.pt
public_affairs_k10_s42_lwf,public_affairs,10,42,lwf,64.7729936703915,69.6969696969697,61.430731571206984,60.93707498413274,-0.4936565870742413,4369666,2.694127958000081,checkpoints/public_affairs_k10_s42_lwf.pt
public_affairs_k10_s43_adapter,public_affairs,10,43,adapter,64.7876689145208,69.6969696969697,62.63451606002262,62.63451606002262,0.0,8738,0.696236583999962,checkpoints/public_affairs_k10_s43_adapter.pt
public_affairs_k10_s43_daewc,public_affairs,10,43,daewc,63.69896961001695,68.75,62.63451606002262,62.751540041067756,0.11702398104513634,16434,1.0348923749997994,checkpoints/public_affairs_k10_s43_daewc.pt
public_affairs_k10_s43_full,public_affairs,10,43,full,64.75095785440612,64.19437340153453,62.63451606002262,55.94871407720569,-6.685801982816926,4369666,1.5939502080000238,checkpoints/public_affairs_k10_s43_full.pt
public_affairs_k10_s43_full_ewc,public_affairs,10,43,full_ewc,64.75095785440612,64.19437340153453,62.63451606002262,56.354887218045114,-6.279628841977505,4369666,2.400292792000073,checkpoints/public_affairs_k10_s43_full_ewc.pt
public_affairs_k10_s43_head,public_affairs,10,43,head,61.15978306216103,64.19437340153453,62.63451606002262,62.63451606002262,0.0,258,0.436181999999917,checkpoints/public_affairs_k10_s43_head.pt
public_affairs_k10_s43_lora,public_affairs,10,43,lora,70.29682274247492,74.93734335839599,62.63451606002262,62.63451606002262,0.0,8450,0.7041091670007518,checkpoints/public_affairs_k10_s43_lora.pt
public_affairs_k10_s43_lwf,public_affairs,10,43,lwf,63.61544696316051,68.75,62.63451606002262,62.272589610092574,-0.36192644993004564,4369666,2.6940351660005035,checkpoints/public_affairs_k10_s43_lwf.pt
public_affairs_k10_s44_adapter,public_affairs,10,44,adapter,59.51577901534761,62.66666666666667,60.08000194533606,60.08000194533606,0.0,8738,0.4405601660000684,checkpoints/public_affairs_k10_s44_adapter.pt
public_affairs_k10_s44_daewc,public_affairs,10,44,daewc,58.42999659605667,62.66666666666667,60.08000194533606,59.85944946989592,-0.22055247544013667,16434,0.680550791999849,checkpoints/public_affairs_k10_s44_daewc.pt
public_affairs_k10_s44_full,public_affairs,10,44,full,62.590529976207286,79.7979797979798,60.08000194533606,58.81754318052619,-1.262458764809871,4369666,1.1891555409993089,checkpoints/public_affairs_k10_s44_full.pt
public_affairs_k10_s44_full_ewc,public_affairs,10,44,full_ewc,65.29166666666667,70.0,60.08000194533606,57.51746103582478,-2.562540909511277,4369666,1.7289175420000902,checkpoints/public_affairs_k10_s44_full_ewc.pt
public_affairs_k10_s44_head,public_affairs,10,44,head,51.632888795547615,53.96419437340154,60.08000194533606,60.08000194533606,0.0,258,0.2855937919994176,checkpoints/public_affairs_k10_s44_head.pt
public_affairs_k10_s44_lora,public_affairs,10,44,lora,62.10284280936455,79.7979797979798,60.08000194533606,60.08000194533606,0.0,8450,0.5118403329997818,checkpoints/public_affairs_k10_s44_lora.pt
public_affairs_k10_s44_lwf,public_affairs,10,44,lwf,53.84086158079966,62.66666666666667,60.08000194533606,60.01436496928869,-0.06563697604736518,4369666,1.8141273750006803,checkpoints/public_affairs_k10_s44_lwf.pt
public_affairs_k80_s42_adapter,public_affairs,80,42,adapter,74.35897435897436,84.9624060150376,61.430731571206984,61.430731571206984,0.0,8738,1.63994966700011,checkpoints/public_affairs_k80_s42_adapter.pt
public_affairs_k80_s42_daewc,public_affairs,80,42,daewc,75.07154213036567,84.9624060150376,61.430731571206984,61.53707422644232,0.1063426552353377,16434,2.516700457999832,checkpoints/public_affairs_k80_s42_daewc.pt
public_affairs_k80_s42_full,public_affairs,80,42,full,77.03543624860052,90.0,61.430731571206984,58.06739517405064,-3.3633363971563455,4369666,3.2307392920001803,checkpoints/public_affairs_k80_s42_full.pt
public_affairs_k80_s42_full_ewc,public_affairs,80,42,full_ewc,76.00479278997682,90.0,61.430731571206984,57.790780207503964,-3.6399513637030196,4369666,4.388496416999715,checkpoints/public_affairs_k80_s42_full_ewc.pt
public_affairs_k80_s42_head,public_affairs,80,42,head,68.87025802588069,80.0,61.430731571206984,61.430731571206984,0.0,258,0.8752831659999174,checkpoints/public_affairs_k80_s42_head.pt
public_affairs_k80_s42_lora,public_affairs,80,42,lora,76.82301931415057,90.0,61.430731571206984,61.430731571206984,0.0,8450,1.907302042000083,checkpoints/public_affairs_k80_s42_lora.pt
public_affairs_k80_s42_lwf,public_affairs,80,42,lwf,79.33143519983128,90.0,61.430731571206984,61.18691706947024,-0.24381450173674324,4369666,5.708474042000034,checkpoints/public_affairs_k80_s42_lwf.pt
public_affairs_k80_s43_adapter,public_affairs,80,43,adapter,77.42116966271064,84.9624060150376,62.63451606002262,62.63451606002262,0.0,8738,0.9264422500000364,checkpoints/public_affairs_k80_s43_adapter.pt
public_affairs_k80_s43_daewc,public_affairs,80,43,daewc,73.9463601532567,84.65473145780051,62.63451606002262,62.35975482112887,-0.2747612388937526,16434,1.3635361249998823,checkpoints/public_affairs_k80_s43_daewc.pt
public_affairs_k80_s43_full,public_affairs,80,43,full,72.34531772575251,79.7979797979798,62.63451606002262,59.6165075472249,-3.0180085127977208,4369666,1.9997289169996293,checkpoints/public_affairs_k80_s43_full.pt
public_affairs_k80_s43_full_ewc,public_affairs,80,43,full_ewc,72.34531772575251,79.7979797979798,62.63451606002262,59.83210044773214,-2.8024156122904813,4369666,2.6668268749999697,checkpoints/public_affairs_k80_s43_full_ewc.pt
public_affairs_k80_s43_head,public_affairs,80,43,head,74.22138047138047,80.0,62.63451606002262,62.63451606002262,0.0,258,0.6327924159995746,checkpoints/public_affairs_k80_s43_head.pt
public_affairs_k80_s43_lora,public_affairs,80,43,lora,75.48369926813041,79.7979797979798,62.63451606002262,62.63451606002262,0.0,8450,1.1275798749993555,checkpoints/public_affairs_k80_s43_lora.pt
public_affairs_k80_s43_lwf,public_affairs,80,43,lwf,77.80645161290323,79.7979797979798,62.63451606002262,63.229490260438034,0.5949742004154146,4369666,3.345315749999827,checkpoints/public_affairs_k80_s43_lwf.pt
public_affairs_k80_s44_adapter,public_affairs,80,44,adapter,75.87913382734153,84.65473145780051,60.08000194533606,60.08000194533606,0.0,8738,0.5995085840004322,checkpoints/public_affairs_k80_s44_adapter.pt
public_affairs_k80_s44_daewc,public_affairs,80,44,daewc,76.66110978804477,70.0,60.08000194533606,59.85671624368939,-0.22328570164666672,16434,0.9803629169991837,checkpoints/public_affairs_k80_s44_daewc.pt
public_affairs_k80_s44_full,public_affairs,80,44,full,70.33093224762501,74.42455242966753,60.08000194533606,58.01785209654944,-2.0621498487866177,4369666,1.4570425410001917,checkpoints/public_affairs_k80_s44_full.pt
public_affairs_k80_s44_full_ewc,public_affairs,80,44,full_ewc,75.9897828863346,79.16666666666667,60.08000194533606,57.948903011138086,-2.131098934197972,4369666,1.964212333999967,checkpoints/public_affairs_k80_s44_full_ewc.pt
public_affairs_k80_s44_head,public_affairs,80,44,head,73.86461683269276,74.93734335839599,60.08000194533606,60.08000194533606,0.0,258,0.39126316600049904,checkpoints/public_affairs_k80_s44_head.pt
public_affairs_k80_s44_lora,public_affairs,80,44,lora,77.80645161290323,80.0,60.08000194533606,60.08000194533606,0.0,8450,0.7278647500006628,checkpoints/public_affairs_k80_s44_lora.pt
public_affairs_k80_s44_lwf,public_affairs,80,44,lwf,77.31481481481481,79.7979797979798,60.08000194533606,61.67892659672156,1.5989246513855022,4369666,2.5899994170003993,checkpoints/public_affairs_k80_s44_lwf.pt
