domain,shots,method,target_mean,source_change_mean_pp,non_dominated
entertainment,10,adapter,52.783990097750085,0.0,True
entertainment,10,daewc,53.27797677981962,-0.12570318830339508,True
entertainment,20,adapter,56.45107937384008,0.0,True
entertainment,20,daewc,55.03554070388031,-0.46705641498198486,False
entertainment,80,adapter,57.404504498643696,0.0,True
entertainment,80,daewc,58.23499995977023,-0.08041879263862484,False
entertainment,80,no_ewc,58.254873963522726,-0.036570360645046186,True
entertainment,80,no_gate,57.19151568629536,-0.08322229195388313,False
entertainment,80,no_proximity,58.261465026919616,-0.18164755430524337,True
entertainment,80,no_regularizers,58.275013262599266,-0.36374189928924733,True
entertainment,160,adapter,58.836080441861974,0.0,True
entertainment,160,daewc,57.94009408463719,-0.19236134183734066,False
health,10,adapter,57.34873448221976,0.0,True
health,10,daewc,58.776471204920334,-0.19276855069259113,True
health,20,adapter,60.555924752358656,0.0,True
health,20,daewc,58.8226969368992,-0.014513422316246269,False
health,80,adapter,64.18319881999795,0.0,True
health,80,daewc,66.09316751976625,-0.037508248718938354,True
health,80,no_ewc,66.09316751976625,-0.1393849187379009,False
health,80,no_gate,64.46371263375161,-0.07527652071026125,False
health,80,no_proximity,66.09316751976625,-0.06459323504778543,False
health,80,no_regularizers,66.09316751976625,-0.2063758027245702,False
health,160,adapter,66.63113983962,0.0,True
health,160,daewc,65.12341144694086,-0.05011245161435814,False
public_affairs,10,adapter,64.58091003358807,0.0,True
public_affairs,10,daewc,62.87573707796876,-0.19306536773031743,False
public_affairs,20,adapter,73.35239211973806,0.0,True
public_affairs,20,daewc,73.10257723300155,-0.22112834533820092,False
public_affairs,80,adapter,74.40378426768598,0.0,True
public_affairs,80,daewc,73.59672863159614,-0.2157121453992256,False
public_affairs,80,no_ewc,73.59672863159614,-0.28255515269658577,False
public_affairs,80,no_gate,74.56726901132014,-0.21303199900821093,True
public_affairs,80,no_proximity,73.59672863159614,-0.21401181753176957,False
public_affairs,80,no_regularizers,73.59672863159614,-0.3189251801983867,False
public_affairs,160,adapter,76.25358523789755,0.0,True
public_affairs,160,daewc,76.7236268903114,-0.3285549142430308,True
