domain,shots,comparison,mean,sd,ci95_halfwidth,n
entertainment,10,DAEWC minus Adapter-only,1.8984693382949185,3.7786324905496906,9.386643468619559,3
entertainment,10,DAEWC minus Full fine-tuning,1.8603448623764436,5.084322973809063,12.630158437957679,3
entertainment,10,DAEWC minus Full fine-tuning + EWC,2.0192385703999896,5.1130069266088105,12.701413326829599,3
entertainment,10,DAEWC minus Head-only,0.9248139743718156,2.688256306352904,6.677998869461897,3
entertainment,10,DAEWC minus LoRA,2.6403475093321944,3.061673408019755,7.605618373925029,3
entertainment,10,DAEWC minus LwF,1.0591174896940103,4.96660195671863,12.33772321993773,3
entertainment,20,DAEWC minus Adapter-only,-1.4436095341225037,2.515257802461487,6.248246761868842,3
entertainment,20,DAEWC minus Full fine-tuning,-2.6569800066554117,1.2438864117735509,3.089985144620478,3
entertainment,20,DAEWC minus Full fine-tuning + EWC,-2.60964052945725,1.212874251096509,3.0129466667597766,3
entertainment,20,DAEWC minus Head-only,-2.3381496870150875,2.222403923039772,5.520757395964976,3
entertainment,20,DAEWC minus LoRA,-0.3920957027559974,1.343959471886553,3.338580407177444,3
entertainment,20,DAEWC minus LwF,-3.1627287017311025,0.6615667068325677,1.6434228052812563,3
entertainment,80,DAEWC minus Adapter-only,-2.038477862942024,3.154826869320651,7.837024400122659,3
entertainment,80,DAEWC minus Full fine-tuning,-0.5502443850837793,6.094712726940198,15.140105727276838,3
entertainment,80,DAEWC minus Full fine-tuning + EWC,-0.5069030856923457,6.087176021573524,15.12138351325313,3
entertainment,80,DAEWC minus Head-only,0.28662288317387424,6.460227146924269,16.048093882147818,3
entertainment,80,DAEWC minus LoRA,-1.0803010637483748,4.224951800120393,10.495362097006511,3
entertainment,80,DAEWC minus LwF,-0.855836182478536,5.144612027864792,12.77992475074327,3
entertainment,80,DAEWC minus DAEWC without EWC,-0.011877517619384529,0.020572463984568544,0.05110483360769218,3
entertainment,80,DAEWC minus DAEWC without gate,-2.09241451251309,3.0505741443232783,7.57804627440395,3
entertainment,80,DAEWC minus DAEWC without proximity,0.004991462372688697,0.0053335817781537615,0.013249351633816141,3
entertainment,80,DAEWC minus DAEWC without either penalty,0.028254009251772533,0.02454761394833613,0.0609796535425502,3
entertainment,160,DAEWC minus Adapter-only,4.986932542497068,3.970315666737502,9.862810875295784,3
entertainment,160,DAEWC minus Full fine-tuning,3.333747296401782,1.9880067141310493,4.9384824497857975,3
entertainment,160,DAEWC minus Full fine-tuning + EWC,3.395743623635134,2.0126647870183065,4.999736498544122,3
entertainment,160,DAEWC minus Head-only,5.91458624734684,2.0546859651592597,5.104122891856242,3
entertainment,160,DAEWC minus LoRA,1.225602352788241,1.619125104417652,4.02212973192558,3
entertainment,160,DAEWC minus LwF,4.04307805644526,0.4097007741385028,1.0177531435707592,3
health,10,DAEWC minus Adapter-only,0.43441109153137347,1.5358244150075935,3.8151993479472526,3
health,10,DAEWC minus Full fine-tuning,-6.586617646215163,2.416906454470251,6.003928469322333,3
health,10,DAEWC minus Full fine-tuning + EWC,-6.586617646215163,2.416906454470251,6.003928469322333,3
health,10,DAEWC minus Head-only,-3.9871063943100205,4.2243626136318815,10.493898476631145,3
health,10,DAEWC minus LoRA,-2.4251949552041077,4.785981257564184,11.889036529645459,3
health,10,DAEWC minus LwF,-5.690319790735264,2.2134114280927695,5.498418800144402,3
health,20,DAEWC minus Adapter-only,-1.2168824194045154,2.896199040971692,7.194557258412919,3
health,20,DAEWC minus Full fine-tuning,-0.1947129843433828,0.9788320251847573,2.431553547230404,3
health,20,DAEWC minus Full fine-tuning + EWC,-0.1947129843433828,0.9788320251847573,2.431553547230404,3
health,20,DAEWC minus Head-only,-0.926812287047961,2.432286963063815,6.042135770745505,3
health,20,DAEWC minus LoRA,3.883477462517083,5.135323103442203,12.756849783283519,3
health,20,DAEWC minus LwF,-1.4747450589791076,1.6017932505616157,3.9790750201472553,3
health,80,DAEWC minus Adapter-only,1.479938374530806,2.7277164389129442,6.77602327286496,3
health,80,DAEWC minus Full fine-tuning,-2.202110534323952,0.889412507020207,2.2094231499913013,3
health,80,DAEWC minus Full fine-tuning + EWC,-2.202110534323952,0.889412507020207,2.2094231499913013,3
health,80,DAEWC minus Head-only,-2.1204744231549477,0.7606691001829844,1.8896067979277413,3
health,80,DAEWC minus LoRA,3.8217956790075553,3.4356484292310094,8.534623827368534,3
health,80,DAEWC minus LwF,-2.765825436209925,1.9132370903193596,4.752744407581793,3
health,80,DAEWC minus DAEWC without EWC,0.0,0.0,0.0,3
health,80,DAEWC minus DAEWC without gate,1.479938374530806,2.7277164389129442,6.77602327286496,3
health,80,DAEWC minus DAEWC without proximity,0.0,0.0,0.0,3
health,80,DAEWC minus DAEWC without either penalty,0.0,0.0,0.0,3
health,160,DAEWC minus Adapter-only,-1.2260167697410818,3.004904509655383,7.464596612643571,3
health,160,DAEWC minus Full fine-tuning,-5.680673276041861,3.3012204240463827,8.200686150174036,3
health,160,DAEWC minus Full fine-tuning + EWC,-5.680673276041861,3.3012204240463827,8.200686150174036,3
health,160,DAEWC minus Head-only,-4.753296961846535,4.470870073777824,11.106256954607476,3
health,160,DAEWC minus LoRA,-0.04926246015568362,5.190626340106183,12.894230639062366,3
health,160,DAEWC minus LwF,-4.580059856397118,4.000285481715287,9.93726002289628,3
public_affairs,10,DAEWC minus Adapter-only,-1.0525699984102441,1.0688889369723371,2.6552673180057047,3
public_affairs,10,DAEWC minus Full fine-tuning,-0.640123149613873,0.3163434816145641,0.785840772545136,3
public_affairs,10,DAEWC minus Full fine-tuning + EWC,-0.640123149613873,0.3163434816145641,0.785840772545136,3
public_affairs,10,DAEWC minus Head-only,-0.14860633624574385,2.4396185717616983,6.060348496399714,3
public_affairs,10,DAEWC minus LoRA,-2.8122299968847577,3.550439915892517,8.819781688372272,3
public_affairs,10,DAEWC minus LwF,0.02191797505193686,0.7153318116714268,1.7769827297876761,3
public_affairs,20,DAEWC minus Adapter-only,3.306923967508567,1.852098006277458,4.600866503251433,3
public_affairs,20,DAEWC minus Full fine-tuning,3.91499673336124,3.5966475703025074,8.934567865263656,3
public_affairs,20,DAEWC minus Full fine-tuning + EWC,3.91499673336124,3.5966475703025074,8.934567865263656,3
public_affairs,20,DAEWC minus Head-only,4.4639702862346935,5.615311064495937,13.949205978523247,3
public_affairs,20,DAEWC minus LoRA,0.4614674880207493,2.993064104285759,7.435183415142476,3
public_affairs,20,DAEWC minus LwF,3.5495422900846876,3.7210684210746954,9.243646392794908,3
public_affairs,80,DAEWC minus Adapter-only,-0.5513826013941951,2.5350135390878648,6.297322732245835,3
public_affairs,80,DAEWC minus Full fine-tuning,3.0188006483443055,2.877589874024968,7.148329525016305,3
public_affairs,80,DAEWC minus Full fine-tuning + EWC,3.0188006483443055,2.877589874024968,7.148329525016305,3
public_affairs,80,DAEWC minus Head-only,6.539220697254493,2.156777306223361,5.35773184223674,3
public_affairs,80,DAEWC minus LoRA,-1.4780527078390218,0.30738603884941096,0.7635892511713739,3
public_affairs,80,DAEWC minus LwF,3.179305747415318,2.0869219187512287,5.184201439848286,3
public_affairs,80,DAEWC minus DAEWC without EWC,0.0,0.0,0.0,3
public_affairs,80,DAEWC minus DAEWC without gate,-0.9003762952614286,2.719831779363585,6.756436692734084,3
public_affairs,80,DAEWC minus DAEWC without proximity,-0.16695518184448113,0.2891748575415423,0.7183501689089746,3
public_affairs,80,DAEWC minus DAEWC without either penalty,-0.16695518184448113,0.2891748575415423,0.7183501689089746,3
public_affairs,160,DAEWC minus Adapter-only,-0.005349539813697864,2.5916036299191063,6.437900310991098,3
public_affairs,160,DAEWC minus Full fine-tuning,4.967650700928004,1.2855942791991641,3.1935932309691264,3
public_affairs,160,DAEWC minus Full fine-tuning + EWC,5.134903003575673,1.5723766738096547,3.906000192487111,3
public_affairs,160,DAEWC minus Head-only,7.1454551156111705,1.1303951809662467,2.8080572982190923,3
public_affairs,160,DAEWC minus LoRA,-1.894305074709692,1.499604278894204,3.7252235419032513,3
public_affairs,160,DAEWC minus LwF,4.127203624592862,1.6915140248046623,4.201953778971845,3
